{"cameraMode":{"drawMode":0,"name":"Shaded","section":"Shading Mode"},"sceneLighting":false,"audioPlay":false,"sceneViewState":{"showFog":true,"showMaterialUpdate":false,"showSkybox":false,"showFlares":true,"showImageEffects":true,"showParticleSystems":true,"showVisualEffectGraphs":true,"m_FxEnabled":true},"in2DMode":false,"pivot":{"x":-3.119999885559082,"y":3.9739999771118166,"z":3.0199999809265138},"rotation":{"x":0.03162641078233719,"y":0.9613602161407471,"z":-0.12501128017902375,"w":0.24322524666786195},"size":1.2247449159622193,"orthographic":false}