{"cameraMode":{"drawMode":0,"name":"Shaded","section":"Shading Mode"},"sceneLighting":true,"audioPlay":false,"sceneViewState":{"showFog":true,"showMaterialUpdate":false,"showSkybox":true,"showFlares":true,"showImageEffects":true,"showParticleSystems":true,"showVisualEffectGraphs":true,"m_FxEnabled":true},"in2DMode":false,"pivot":{"x":243.9539794921875,"y":2.129667043685913,"z":102.98027038574219},"rotation":{"x":0.0012129944516345859,"y":0.9976360201835632,"z":-0.01826840452849865,"w":0.06624128669500351},"size":9.550000190734864,"orthographic":false}