{"cameraMode":{"drawMode":0,"name":"Shaded","section":"Shading Mode"},"sceneLighting":true,"audioPlay":false,"sceneViewState":{"showFog":true,"showMaterialUpdate":false,"showSkybox":true,"showFlares":true,"showImageEffects":true,"showParticleSystems":true,"showVisualEffectGraphs":true,"m_FxEnabled":true},"in2DMode":false,"pivot":{"x":247.95701599121095,"y":3.150749921798706,"z":142.01368713378907},"rotation":{"x":-0.0009527918300591409,"y":0.9982520341873169,"z":-0.016781890764832498,"w":-0.056660499423742297},"size":5.302839756011963,"orthographic":false}