{"cameraMode":{"drawMode":0,"name":"Shaded","section":"Shading Mode"},"sceneLighting":true,"audioPlay":false,"sceneViewState":{"showFog":true,"showMaterialUpdate":false,"showSkybox":true,"showFlares":true,"showImageEffects":true,"showParticleSystems":true,"showVisualEffectGraphs":true,"m_FxEnabled":true},"in2DMode":false,"pivot":{"x":124.83911895751953,"y":0.4314153492450714,"z":-62.35078048706055},"rotation":{"x":0.06271740049123764,"y":0.13134780526161195,"z":-0.008327395655214787,"w":0.9893194437026978},"size":23.19239616394043,"orthographic":false}